<core:FragmentDefinition xmlns:core="sap.ui.core" xmlns="sap.m" xmlns:macros="sap.fe.macros"
displayBlock="true"
xmlns:mvc="sap.ui.core.mvc"
	xmlns:upload="sap.m.upload">
	<VBox id= "11" width="100%">
	<Button id="dewdewdw" visible="false" core:require="{ handler: 'panappbeta/ext/fragment/Attachment'}"  press="handler.onPress" />
						<upload:UploadSet
					
					id="uploadSet"
					core:require="{ handler: 'panappbeta/ext/fragment/Attachment'}"
					instantUpload="false"
					uploadEnabled="true"
					mode="None"
					
					showIcons="true"
					afterItemAdded="handler.onAfterItemAdded"
					uploadCompleted="handler.onUploadCompleted"
					items="{
								path: '/attachments',
								parameters: {
									$orderby: 'createdAt desc'
								},
								templateShareable: false}"
				>
					<upload:toolbar>
					</upload:toolbar>
					<upload:items>
						<upload:UploadSetItem
						id="ddd"
							fileName="{fileName}"
							mediaType="{mediaType}"
							url="{url}"
							thumbnailUrl="{
								path: 'mediaType',
								formatter: 'handler.formatThumbnailUrl'
							}"
							enabledEdit="false"
							openPressed="handler.onOpenPressed"
							removePressed="handler.onRemovePressed"
							enabledRemove="true"
							selected="false"
							visibleEdit="false"
							visibleRemove="true"
						>
							<upload:attributes>
								<ObjectAttribute
								id="dd"
									title="Uploaded By"
									text="{createdBy}"
									active="false"
								/>
								<ObjectAttribute
								id="dd22"
									title="Uploaded on"
									text="{createdAt}"
									active="false"
								/>
								<ObjectAttribute
								id="dddw2"

									title="File Type"
									text="{mediaType}"
									active="false"
									visible="false"		
								/>
								<ObjectAttribute
								id="dd22a"
									title="File Size"
									text="{size}"
									active="false"
									visible="false"
								/>
							</upload:attributes>
						</upload:UploadSetItem>
					</upload:items>
				</upload:UploadSet>
	</VBox>
</core:FragmentDefinition>