{
  "ext/controller/Vendor-dbg.controller.js": 1709392427437,
  "ext/controller/Form.controller.js": 1709394141806,
  "ext/fragment/switch.js": 1708922527815,
  "ext/fragment/Attachment.js": 1709104078898,
  "ext/controller/Vendor.controller.js": 1709392427437,
  "ext/controller/Translate.js": 1706688287944,
  "ext/controller/Tab1.controller.js": 1709104078898,
  "ext/controller/Sync.js": 1708922527819,
  "ext/controller/SendApproval.js": 1709183290383,
  "ext/controller/RefreshWF.js": 1706588694516,
  "manifest.json": 1709474251367,
  "ext/controller/Draftattachment.js": 1708922527815,
  "ext/controller/Demo.js": 1708922527815,
  "Component.js": 1708922527815,
  "Component-preload.js": 1709474251628,
  "i18n/i18n.properties": 1707224998589,
  "ext/fragment/Attachment-dbg.js": 1709104078898,
  "ext/fragment/switch-dbg.js": 1708922527815,
  "ext/controller/Translate-dbg.js": 1706688287944,
  "ext/controller/Tab1-dbg.controller.js": 1709104078898,
  "ext/controller/Sync-dbg.js": 1708922527819,
  "ext/controller/SendApproval-dbg.js": 1709183290383,
  "ext/controller/RefreshWF-dbg.js": 1706588694516,
  "ext/controller/Form-dbg.controller.js": 1709394141806,
  "ext/controller/Draftattachment-dbg.js": 1708922527815,
  "ext/controller/Demo-dbg.js": 1708922527815,
  "Component-dbg.js": 1708922527815,
  "ext/fragment/timeline.fragment.xml": 1708682537985,
  "ext/fragment/switch.fragment.xml": 1707211169527,
  "ext/fragment/WorkFlow.fragment.xml": 1707464304881,
  "ext/fragment/Draftattachment.fragment.xml": 1706544285322,
  "ext/fragment/Attachment.fragment.xml": 1709104293434,
  "css/style.css": 1709474048762,
  "index.html": 1706544279214
}