{
  "ext/controller/Sync.js": 1722418988789,
  "i18n/i18n.properties": 1722418988789,
  "ext/fragment/switch.js": 1722418988789,
  "ext/fragment/Attachment.js": 1722418988789,
  "ext/controller/Vendor.controller.js": 1722418988789,
  "ext/controller/Translate.js": 1722418988789,
  "ext/controller/Tab1.controller.js": 1722418988789,
  "manifest.json": 1722596786919,
  "ext/controller/SendApproval.js": 1722418988789,
  "ext/controller/RefreshWF.js": 1722418988789,
  "ext/controller/Form.controller.js": 1722470013874,
  "ext/controller/Draftattachment.js": 1722418988789,
  "ext/controller/Demo.js": 1722418988789,
  "Component.js": 1722418988789,
  "Component-preload.js": 1722596787294,
  "ext/controller/SendApproval-dbg.js": 1722418988789,
  "ext/fragment/Attachment-dbg.js": 1722418988789,
  "ext/controller/Vendor-dbg.controller.js": 1722418988789,
  "ext/controller/Translate-dbg.js": 1722418988789,
  "ext/controller/Tab1-dbg.controller.js": 1722418988789,
  "ext/controller/Sync-dbg.js": 1722418988789,
  "ext/fragment/switch-dbg.js": 1722418988789,
  "ext/controller/RefreshWF-dbg.js": 1722418988789,
  "ext/controller/Form-dbg.controller.js": 1722470013874,
  "ext/controller/Draftattachment-dbg.js": 1722418988789,
  "ext/controller/Demo-dbg.js": 1722418988789,
  "Component-dbg.js": 1722418988789,
  "ext/fragment/timeline.fragment.xml": 1722418988789,
  "ext/fragment/switch.fragment.xml": 1722418988789,
  "ext/fragment/WorkFlow.fragment.xml": 1722418988789,
  "ext/fragment/Draftattachment.fragment.xml": 1722418988789,
  "ext/fragment/Attachment.fragment.xml": 1722418988789,
  "css/style.css": 1722418988789,
  "index.html": 1722418988793
}