{
  "ext/controller/Sync.js": 1707824934079,
  "ext/controller/Demo.js": 1707460546654,
  "ext/fragment/switch.js": 1707119230313,
  "ext/fragment/Attachment.js": 1708501022865,
  "ext/controller/Vendor.controller.js": 1708574161291,
  "ext/controller/Translate.js": 1706688287944,
  "ext/controller/Tab1.controller.js": 1708663060854,
  "i18n/i18n.properties": 1707224998589,
  "ext/controller/SendApproval.js": 1707196600819,
  "ext/controller/RefreshWF.js": 1706588694516,
  "ext/controller/Form.controller.js": 1708755741914,
  "ext/controller/Draftattachment.js": 1707730881108,
  "manifest.json": 1708755814451,
  "Component.js": 1708663102622,
  "Component-preload.js": 1708755814899,
  "ext/controller/Draftattachment-dbg.js": 1707730881108,
  "ext/fragment/Attachment-dbg.js": 1708501022865,
  "ext/controller/Vendor-dbg.controller.js": 1708574161291,
  "ext/controller/Translate-dbg.js": 1706688287944,
  "ext/controller/Tab1-dbg.controller.js": 1708663060854,
  "ext/controller/Sync-dbg.js": 1707824934079,
  "ext/controller/SendApproval-dbg.js": 1707196600819,
  "ext/controller/RefreshWF-dbg.js": 1706588694516,
  "ext/controller/Form-dbg.controller.js": 1708755741914,
  "ext/fragment/switch-dbg.js": 1707119230313,
  "ext/controller/Demo-dbg.js": 1707460546654,
  "Component-dbg.js": 1708663102622,
  "ext/fragment/timeline.fragment.xml": 1708682537985,
  "ext/fragment/switch.fragment.xml": 1707211169527,
  "ext/fragment/WorkFlow.fragment.xml": 1707464304881,
  "ext/fragment/Draftattachment.fragment.xml": 1706544285322,
  "ext/fragment/Attachment.fragment.xml": 1708501122221,
  "css/style.css": 1708056473095,
  "index.html": 1706544279214
}